0;1402;0;7401010000000;Panquecitos Vainilla;1;1;0;1
0;1403;0;8532110000000000;Papas;1;1;0;1
0;1404;0;7441000000000;Papas Tostadas Liliana 100g;1;1;0;1
0;1405;0;10900000840;Papel Aluminio Diamond 7.6 Mtrs;1;1;0;1
0;1406;0;30058569;Papel Boleta Enrrolar;1;1;0;1
0;1407;0;84197146;Papel Boleta P/Enrrolar Tabaco;1;1;0;1
0;1408;0;7441010000000;Papel Encerado Poli;1;1;0;1
0;1409;0;7441040000000;Paq Prensa P/Ropa Eterna;1;1;0;1
0;1410;0;7501020000000;Paquete De Aplicadores Medimart;1;1;0;1
0;1411;0;7501040000000;Pasta Dent Colgate 50ml;1;1;0;1
0;1412;0;7509550000000;Pasta Dental Colgate 22ML;1;1;0;1
0;1413;0;99176480310;Pasta Dental Colgate Total 12 75ml;1;1;0;1
0;1414;0;7441010000000;Pañal Higgies Xg4;1;1;0;1
0;1415;0;7441010000000;Pañal Huggies G3;1;1;0;1
0;1416;0;7441020000000;Pegamento Azul ;1;1;0;1
0;1417;0;20800756440;Pepto Bismol Susp118ml;1;1;0;1
0;1418;0;7441110000000;Periodico La Extra;1;1;0;1
0;1419;0;7441030000000;Periodico La Teja;1;1;0;1
0;1420;0;7441030000000;Periodico La Teja;1;1;0;1
0;1421;0;7441000000000;Pety Poas Richly140g;1;1;0;1
0;1422;0;7441000000000;Picarita 30 G;1;1;0;1
0;1423;0;7441000000000;Picarita Chile Jalapeño 75g;1;1;0;1
0;1424;0;7441000000000;Picarita Jalapeña 30g;1;1;0;1
0;1425;0;7441000000000;Picaritas Familiar 150g;1;1;0;1
0;1426;0;7441000000000;Picaritas Med;1;1;0;1
0;1427;0;7441000000000;Picarona Chile 30 G;1;1;0;1
0;1428;0;7441000000000;Picarona Jalapeña Med;1;1;0;1
0;1429;0;7441000000000;Picaronas Chile Familiar;1;1;0;1
0;1430;0;764009000000;Pilsen Lata 710ml;1;1;0;1
0;1431;0;764009000000;Pilsen Latra 350 Ml;1;1;0;1
0;1432;0;8690560000000;Pinguinito RAUND FINGER CAKE;1;1;0;1
0;1433;0;74000685;Pinguino Marinela;1;1;0;1
0;1434;0;20748463585;Pinzas Beauty;1;1;0;1
0;1435;0;71603042742;Pinzas Trim;1;1;0;1
0;1436;0;7441000000000;Plastico Adhesivo;1;1;0;1
0;1437;0;7441010000000;Plato Desechable #7;1;1;0;1
0;1438;0;7441010000000;Plato Desechable Fest Peq;1;1;0;1
0;1439;0;7441010000000;Plñato Desechable Fest Mediano;1;1;0;1
0;1440;0;7441000000000;Poropoz Carmelo;1;1;0;1
0;1441;0;7613290000000;Promo Condesa +evaporada;1;1;0;1
0;1442;0;897640000000;Protect SolarNo Ad 50 Mas;1;1;0;1
0;1443;0;8410720000000;Pulpo En Salsa Marinera Dani;1;1;0;1
0;1444;0;7441000000000;QUEQUE HELADO ;1;1;0;1
0;1445;0;7441000000000;QUESHITOS PEQ ;1;1;0;1
0;1446;0;7441000000000;QUESITO POP REFILL;1;1;0;1
0;1447;0;7441000000000;QUESITO TOSTY MEDIANO 116G;1;1;0;1
0;1448;0;748757000000;QUESITOS;1;1;0;1
0;1449;0;7441000000000;QUESITOS 175 G;1;1;0;1
0;1450;0;7441000000000;QUESITOS 210G;1;1;0;1
0;1451;0;7441000000000;QUESITOS CRUNCH 120G;1;1;0;1
0;1452;0;7441000000000;QUESO TURRIALBA;1;1;0;1
0;1453;0;7441000000000;QUESO TURRIALBA;1;1;0;1
0;1454;0;7441000000000;QUESO ZARCERO;1;1;0;1
0;1455;0;7441000000000;QUEZO RAYADO MOZARELLA DOS PINOS 225G ;1;1;0;1
0;1456;0;7441060000000;QUITA ESMALTE 120ML;1;1;0;1
0;1457;0;7443010000000;QUITA ESMALTE 60ML;1;1;0;1
0;1458;0;7441030000000;Queque Junior Chispas De Chocolate;1;1;0;1
0;1459;0;7441030000000;Queque Junior Vainilla;1;1;0;1
0;1460;0;7441000000000;Queso Amarillo Und;1;1;0;1
0;1461;0;7441010000000;Queso Crema Bolsita Zarcero 115g;1;1;0;1
0;1462;0;7441000000000;Queso Crema Dos Pinos 210g;1;1;0;1
0;1463;0;7441000000000;Queso Crema Peq Dos Pinos 100g;1;1;0;1
0;1464;0;7404000000000;RACUMIN BAYER;1;1;0;1
0;1465;0;7501030000000;RAID CASA Y JARDIN 226 ML;1;1;0;1
0;1466;0;750895000000;RANCHITA CHILE;1;1;0;1
0;1467;0;750895000000;RANCHITA NACHO EXCITANTE70G;1;1;0;1
0;1468;0;750895000000;RANCHITA PIZZA70G;1;1;0;1
0;1469;0;750895000000;RANCHITA QUESO150G;1;1;0;1
0;1470;0;750895000000;RANCHITAS FRIJOLERO;1;1;0;1
0;1471;0;750895000000;RANCHITAS GUACAMOLE;1;1;0;1
0;1472;0;750895000000;RANCHITAS LIMON 150G;1;1;0;1
0;1473;0;750895000000;RANCHITAS NACHO FOGOSO 23G;1;1;0;1
0;1474;0;750895000000;RANCHITAS RANCHO PIZZA;1;1;0;1
0;1475;0;750895000000;RANCHITAS70G;1;1;0;1
0;1476;0;7441030000000;RAPIDITAS LIGHT 10 UNDS;1;1;0;1
0;1477;0;8801040000000;RAZURADORA DESECHABLE DORUSA ;1;1;0;1
0;1478;0;7445380000000;RAZURADORA TRIPLE 7;1;1;0;1
0;1479;0;14979310480;REABALADERA VIGUI;1;1;0;1
0;1480;0;7441000000000;REFRESCO DE NARANJA DEL VALLE 2.5LT;1;1;0;1
0;1481;0;7791290000000;REXON BAMBU;1;1;0;1
0;1482;0;7702010000000;REXONA ANTIBACTERIAL AVENA;1;1;0;1
0;1483;0;7702010000000;REXONA ANTIBACTERIAL AVENA;1;1;0;1
0;1484;0;7702010000000;REXONA ANTIBACTERIAL BAMBOO ;1;1;0;1
0;1485;0;7702010000000;REXONA ANTIBACTERIAL FRESH;1;1;0;1
0;1486;0;7702010000000;REXONA ANTIBACTERIAL LIMPIEZA PROFUNDA;1;1;0;1
0;1487;0;78924222;REXONA BAMBOO30ML;1;1;0;1
0;1488;0;7791290000000;REXONA MEN V8;1;1;0;1
0;1489;0;78930841;REXONA MEN30ML;1;1;0;1
0;1490;0;7441000000000;RICHLY VEGETAL MIXTO 220G;1;1;0;1
0;1491;0;7441130000000;RICOLETA FRESA;1;1;0;1
0;1492;0;7441110000000;RIKOS KITTY;1;1;0;1
0;1493;0;7441130000000;RIN NATILLA FRESA;1;1;0;1
0;1494;0;7441130000000;RIN QUEQUE;1;1;0;1
0;1495;0;7411000000000;RINSO ANTIBACTERIAL 450G VERDE;1;1;0;1
0;1496;0;7411000000000;RINSO ANTIBACTERIAL DE 1K VERDE;1;1;0;1
0;1497;0;7411000000000;RINSO JAZMIN 450G;1;1;0;1
0;1498;0;7411000000000;RINSO ROSAS Y LILAS450G;1;1;0;1
0;1499;0;731701000000;ROMA CABELLO PAQUETE;1;1;0;1
0;1500;0;731701000000;ROMA CODOOS;1;1;0;1
0;1501;0;731701000000;ROMA TALLARIN PAQUETE;1;1;0;1
0;1502;0;7441000000000;ROMPOPE DOS PINOS 250 ML;1;1;0;1
0;1503;0;7441000000000;ROMPOPE DOS PINOS LITRO;1;1;0;1
0;1504;0;7501010000000;RON BACARDI CARTA BLANCA LITRO;1;1;0;1
0;1505;0;7501010000000;RON BACARDI CARTA ORO LITRO;1;1;0;1
0;1506;0;750895000000;ROSQUILLA CRIOLLA;1;1;0;1
0;1507;0;7622300000000;ROYAL GELATINA UVA;1;1;0;1
0;1508;0;7441000000000;RUMBA CHICHARRONES 80G;1;1;0;1
0;1509;0;7441000000000;RUMBA MIX DULCE;1;1;0;1
0;1510;0;7441000000000;RUMBA MULTIGRANO REDONDITAS 125 G;1;1;0;1
0;1511;0;7441000000000;RUMBA NACHOS TICOS 275G;1;1;0;1
0;1512;0;7441000000000;RUMBA PATACONES 250G;1;1;0;1
0;1513;0;7441000000000;RUMBA PATACONES 60G;1;1;0;1
0;1514;0;7441000000000;RUMBA PIKITOS 1KG;1;1;0;1
0;1515;0;7441000000000;RUMBA PLATANO LIMON 100G;1;1;0;1
0;1516;0;7441000000000;RUMBA PLATANOS MADUROS;1;1;0;1
0;1517;0;7441000000000;RUMBA PLATANOS VERDES 71 G;1;1;0;1
0;1518;0;7441000000000;RUMBA REDONDITAS 175G;1;1;0;1
0;1519;0;7441000000000;RUMBA REDONDITAS 360G;1;1;0;1
0;1520;0;7441000000000;RUMBA SABOR TICO 275 G;1;1;0;1
0;1521;0;7441000000000;RUMBA SEMILLAS MARAÑON;1;1;0;1
0;1522;0;7441020000000;RUMBA SEMILLAS MIXTAS 80G;1;1;0;1
0;1523;0;7441000000000;RUMBA YUQUITAS 50G;1;1;0;1
0;1524;0;7501030000000;Raid Casa Y Jardin 400ML;1;1;0;1
0;1525;0;750895000000;Ranchita Nacho Queso Picante;1;1;0;1
0;1526;0;750895000000;Ranchitas Queso;1;1;0;1
0;1527;0;7501010000000;Rastrillo  Presto BUltra;1;1;0;1
0;1528;0;7702020000000;Rastrillo Gillette P;1;1;0;1
0;1529;0;7891050000000;Rastrillo Prestobarba ;1;1;0;1
0;1530;0;7506170000000;Razas Peq Cordero;1;1;0;1
0;1531;0;9002490000000;Red Bull Sugar Free;1;1;0;1
0;1532;0;7441000000000;Richly Palmito En Coserva 400g;1;1;0;1
0;1533;0;80516135328;Riunite Rosato 1.5 Lt;1;1;0;1
0;1534;0;80516135342;Riunite Rosato 750ml;1;1;0;1
0;1535;0;7441000000000;Roditas Fresa;1;1;0;1
0;1536;0;7441000000000;Roditas Fresa Gde;1;1;0;1
0;1537;0;7441000000000;Roditas Fusion Mix 200g;1;1;0;1
0;1538;0;7501010000000;Ron Bacardy AEjo 200Ml;1;1;0;1
0;1539;0;7501010000000;Ron Bacardy Blanco 250Ml;1;1;0;1
0;1540;0;7441060000000;SABA BUENAS NOCHES SIN ALAS;1;1;0;1
0;1541;0;7441060000000;SABA CLASICA ALAS;1;1;0;1
0;1542;0;7501020000000;SABA CONFORT MANZANILLA;1;1;0;1
0;1543;0;7501020000000;SABA DIARIOS 16;1;1;0;1
0;1544;0;7501020000000;SABA TAMPONES  SUPER PLUS;1;1;0;1
0;1545;0;7501020000000;SABA TENN ULTRA;1;1;0;1
0;1546;0;7751850000000;SACA GRASA;1;1;0;1
0;1547;0;74410330;SAL ANDREWS CLASICA;1;1;0;1
0;1548;0;7441030000000;SAL ANDREWS LIMON;1;1;0;1
0;1549;0;7443030000000;SAL GUANASALFINA SECA ;1;1;0;1
0;1550;0;33844004910;SAL ROSADA BADIA 127G;1;1;0;1
0;1551;0;7441000000000;SAL SOL 500G;1;1;0;1
0;1552;0;7441000000000;SAL SOL MARINA ;1;1;0;1
0;1553;0;7441000000000;SAL SOL PARRILLERA;1;1;0;1
0;1554;0;7441000000000;SAL SOLAR 500G;1;1;0;1
0;1555;0;7443030000000;SAL TARINA FINA;1;1;0;1
0;1556;0;7441010000000;SALAME COCIDO ZAR EMBUTIDOS;1;1;0;1
0;1557;0;7441000000000;SALAMI AHUMADO CINTA AZUL;1;1;0;1
0;1558;0;7441000000000;SALCHICHA AHUMADA CINTA AZUL 240G;1;1;0;1
0;1559;0;7441000000000;SALCHICHA AHUMADA CINTA AZUL 380G;1;1;0;1
0;1560;0;7441010000000;SALCHICHA DE DESAYUNO ZAR;1;1;0;1
0;1561;0;7441010000000;SALCHICHA FAMILIAR ZURQUI 200 G;1;1;0;1
0;1562;0;7441010000000;SALCHICHA PAVO FUD;1;1;0;1
0;1563;0;7441010000000;SALCHICHON C/TOCINO ZURQYU BURB 200G;1;1;0;1
0;1564;0;7441000000000;SALCHICHON PARRILLERO CHILE CINTA AZUL;1;1;0;1
0;1565;0;744000000000;SALCHICHON PARRILLERO CINTA AZUL CHILE ;1;1;0;1
0;1566;0;7441010000000;SALCHICHa Pollo Zurqui 500g;1;1;0;1
0;1567;0;7441030000000;SALMA LINAZA 18G;1;1;0;1
0;1568;0;7441030000000;SALMAS CON CHIA I LINAZA ;1;1;0;1
0;1569;0;88313008692;SALSA C/ HONGOS KERNS 106G;1;1;0;1
0;1570;0;88313008685;SALSA CON CARNE KERNS 106G;1;1;0;1
0;1571;0;7441000000000;SALSA DE AJO Y JALAPEÑO EL ANGTEL;1;1;0;1
0;1572;0;88313008678;SALSA DE TOMATE QUESO CRIOLLO KERNS 106G;1;1;0;1
0;1573;0;88313008708;SALSA DE TOMATE RANCHERA KERNS 106G;1;1;0;1
0;1574;0;796500000000;SALSA JALAPEÑA SANTA CRUZ;1;1;0;1
0;1575;0;7411000000000;SALSA LIZANO 625 ML;1;1;0;1
0;1576;0;7441000000000;SALSA MOSTAZA MIEL EL ANGEL;1;1;0;1
0;1577;0;796500000000;SALSA PICANTE CHIPOTLE SANTA CRUS;1;1;0;1
0;1578;0;88313330182;SALSA PURA DE TOMATE KERNS 106G;1;1;0;1
0;1579;0;7441010000000;SALSA QUESO DEL PRADO 180G;1;1;0;1
0;1580;0;769470000000;SALSA ROSADA CAMPREST 200GR;1;1;0;1
0;1581;0;7411000000000;SALSA ROSADA LIZANO;1;1;0;1
0;1582;0;735051000000;SALSA TOMATE BANQUETE 385G;1;1;0;1
0;1583;0;7411000000000;SALSITA DE TOMATE QUESO;1;1;0;1
0;1584;0;7506200000000;SALVO LAVAPLATOS;1;1;0;1
0;1585;0;858751000000;SANGRIA FUN WINE 750ML;1;1;0;1
0;1586;0;7443000000000;SANI ODOR BUQUET;1;1;0;1
0;1587;0;7443000000000;SANI ODOR FLORAL;1;1;0;1
0;1588;0;7443000000000;SANI ODOR LAVANDA ;1;1;0;1
0;1589;0;7443000000000;SANI ODOR VAINILLA;1;1;0;1
0;1590;0;7441000000000;SANI PINE BOTELLITA 236ML;1;1;0;1
0;1591;0;796500000000;SANTA CRUZ CHUNKY MEDIO 250G;1;1;0;1
0;1592;0;796500000000;SANTA CRUZ CHUNKY PICANTE ;1;1;0;1
0;1593;0;796500000000;SANTA CRUZ FRIJOLES NEGROS;1;1;0;1
0;1594;0;796500000000;SANTA CRUZ FRIJOLES ROJOS400G;1;1;0;1
0;1595;0;7751850000000;SAPOLIO CASA Y JARDIN;1;1;0;1
0;1596;0;7751850000000;SAPOLIO MATA CUCARACHA Y HORMIGAS;1;1;0;1
0;1597;0;7751850000000;SAPOLIO QUITAMANCHA 80 ML;1;1;0;1
0;1598;0;7441000000000;SARDIMAR SARDINAS SALSA TOMATE 415G;1;1;0;1
0;1599;0;7441000000000;SARDINA LATA PICANTE DEL PESCADOR;1;1;0;1
0;1600;0;7441000000000;SARDINA LATA TOMATE DEL PESCADOR;1;1;0;1
0;1601;0;7441000000000;SARDINA PICANTE SARDIMAR 160G;1;1;0;1
0;1602;0;33844000998;SAZON COMPLETA BADIA 1.75.OZ;1;1;0;1
0;1603;0;33844000080;SAZON COMPLETA BADIA 3.5OZ;1;1;0;1
0;1604;0;33844001018;SAZON COMPLETA BADIA 340.2G;1;1;0;1
0;1605;0;7441000000000;SCOTCCH BRITE D/USO 1UND;1;1;0;1
0;1606;0;7441000000000;SCOTCH BRITE D/USO ANATOMICA;1;1;0;1
0;1607;0;7441000000000;SCOTCH BRITE D/USO CERO RAYAS;1;1;0;1
0;1608;0;7441000000000;SCOTCH BRITE FIBRA CERO RAYAS;1;1;0;1
0;1609;0;7401000000000;SCOTCH BRITE FIBRA VERDE 1UND;1;1;0;1
0;1610;0;7443010000000;SEMILLA ALPISTE CUCU 250G;1;1;0;1
0;1611;0;7443010000000;SEMILLA GIRASOL CUCU 250G;1;1;0;1
0;1612;0;7441130000000;SENSACION CONO ;1;1;0;1
0;1613;0;7500440000000;SHAMPO H/ 2 EN 1 180ML;1;1;0;1
0;1614;0;7590000000000;SHAMPO H/S 2 EN 1 BURBUJA;1;1;0;1
0;1615;0;7506200000000;SHAMPO H/S C/COMEZON BURBUJA;1;1;0;1
0;1616;0;7506200000000;SHAMPO H/S MANZANA BURBUJA;1;1;0;1
0;1617;0;650240000000;SHAMPO MEDICASP 130ML;1;1;0;1
0;1618;0;7501000000000;SHAMPOO H/S P/CAIDA BURBUJA;1;1;0;1
0;1619;0;7501000000000;SHAMPOO PANTENE RIZ0S 200ML;1;1;0;1
0;1620;0;9070900000000;SILICOME RELOJ LED;1;1;0;1
0;1621;0;764009000000;SIX PACK IMPERIAL;1;1;0;1
0;1622;0;764009000000;SMIRNOFF ICE RASPBERRY 350ML;1;1;0;1
0;1623;0;764009000000;SMIRNOFF MANZANA VERDE;1;1;0;1
0;1624;0;5000160000000;SNICKER;1;1;0;1
0;1625;0;7441000000000;SODA 2LTDESECH;1;1;0;1
0;1626;0;7441000000000;SODA CANADA DRY 600ML;1;1;0;1
0;1627;0;86581011079;SODA POZUELO UND;1;1;0;1
0;1628;0;88169430586;SOPA COLA DE RES;1;1;0;1
0;1629;0;88169029506;SOPA< NEGRTA MAGGUI;1;1;0;1
0;1630;0;7441000000000;SORBETICO JACKS FRESA;1;1;0;1
0;1631;0;748757000000;SORBETO CHOCOLATE DIANA PICNIC;1;1;0;1
0;1632;0;86581004187;SORBETO FESTV VAINILLA;1;1;0;1
0;1633;0;748757000000;SORBETO FRESA DIANA PICNIC;1;1;0;1
0;1634;0;7441030000000;SORBETO PRICIPE FRESA ;1;1;0;1
0;1635;0;7441030000000;SORBETO PRICIPE VAINILLA;1;1;0;1
0;1636;0;748757000000;SORBETO VAINILLA DIANA PICNIC;1;1;0;1
0;1637;0;731701000000;SPAGUETTTI ROMA 250G;1;1;0;1
0;1638;0;7441030000000;SPONCH SMORE MARINELA 90G;1;1;0;1
0;1639;0;8681260000000;STICK DYNAMIC;1;1;0;1
0;1640;0;8681260000000;STICK TROPICAL;1;1;0;1
0;1641;0;8681260000000;STICK WATERMELON 7 PZAS;1;1;0;1
0;1642;0;99176232223;SUAVITEL 850 ML;1;1;0;1
0;1643;0;99176232117;SUAVITEL COMPLETE 450ML;1;1;0;1
0;1644;0;99176232032;SUAVITEL COMPLTE;1;1;0;1
0;1645;0;99176231875;SUAVITEL PRIMAVERA 450 ML;1;1;0;1
0;1646;0;7500440000000;SUAVIZANTE DAWNY FLORAL BURBUJA;1;1;0;1
0;1647;0;99176233367;SUAVTEL COMPLETE FLOR DE PRIMAVERA 850ML;1;1;0;1
0;1648;0;99176231905;SUIAVITEL COMPLET PRIMA 225 ML;1;1;0;1
0;1649;0;7441000000000;SUNDAE CARAMELO;1;1;0;1
0;1650;0;7441000000000;SUNDAE CHOCOLATE;1;1;0;1
0;1651;0;7441000000000;SUNDAME CHURCHILL;1;1;0;1
0;1652;0;3800090000000;SUPER BONDER MAX BONDER ;1;1;0;1
0;1653;0;7891200000000;SUPER BORDEN ORIGINAL;1;1;0;1
0;1654;0;790920000000;SUPER GLUE;1;1;0;1
0;1655;0;7411000000000;SURF DETERGENTE;1;1;0;1
0;1656;0;7501020000000;Saba Invisible con Alas;1;1;0;1
0;1657;0;7501020000000;Saba Ultra InvisCAl 10;1;1;0;1
0;1658;0;7441010000000;Salchicha Ahumada Zurqui 500g;1;1;0;1
0;1659;0;7441000000000;Salchichon Parrillero Cinta Azul;1;1;0;1
0;1660;0;735051000000;Salsa Barbacoa Banquete 400g;1;1;0;1
0;1661;0;735051000000;Salsa Chiba Banquete 148ml;1;1;0;1
0;1662;0;735051000000;Salsa De Tomate Banquete 385g;1;1;0;1
0;1663;0;747627000000;Salsa Lizano 135ml;1;1;0;1
0;1664;0;747627000000;Salsa Lizano 280g;1;1;0;1
0;1665;0;7411000000000;Salsa Nat Carne 210g;1;1;0;1
0;1666;0;7411000000000;Salsa Nat Carne 90g;1;1;0;1
0;1667;0;7411000000000;Salsa Nat Hongos 210g;1;1;0;1
0;1668;0;7411000000000;Salsa Nat Hongos 90g;1;1;0;1
0;1669;0;7411000000000;Salsa Nat Ranchera 210g;1;1;0;1
0;1670;0;7411000000000;Salsa Nat Ranchera 90g;1;1;0;1
0;1671;0;735051000000;Salsa Tomate Banquete 200g;1;1;0;1
0;1672;0;735051000000;Salsa Tomate Bolsa 100g Banquete;1;1;0;1
0;1673;0;8410700000000;Sangria;1;1;0;1
0;1674;0;7441000000000;Sani Pine 450ml;1;1;0;1
0;1675;0;7443000000000;Saniodor Frutal;1;1;0;1
0;1676;0;7410030000000;Sardina Calvo Picante;1;1;0;1
0;1677;0;7443020000000;Sardina Salsa De Tomate Reina Del Mar;1;1;0;1
0;1678;0;7441010000000;Servilleta Paqt Link;1;1;0;1
0;1679;0;7506310000000;Shampo Head Shoulder Familiar Men 1lt;1;1;0;1
0;1680;0;7509550000000;Shampoo Mennen 200ml;1;1;0;1
0;1681;0;7445160000000;Shampoo Para Carro;1;1;0;1
0;1682;0;7441000000000;Sirope Kola Richly 700ml;1;1;0;1
0;1683;0;760609000000;Smirnof Vodka Botella 750ml;1;1;0;1
0;1684;0;764009000000;Smirnoff Guarana 350 Ml;1;1;0;1
0;1685;0;764009000000;Smirnoff Negra 350 Ml Lata;1;1;0;1
0;1686;0;764010000000;Smirnoff Negra Vidrio;1;1;0;1
0;1687;0;764010000000;Smirnoff Roja 350 Ml;1;1;0;1
0;1688;0;760609000000;Smirnoff Vodka Litro;1;1;0;1
0;1689;0;40000514251;Sniker;1;1;0;1
0;1690;0;7441000000000;Sobertico Fresa;1;1;0;1
0;1691;0;7613040000000;Sopa Maggi Pollo Fid 30g;1;1;0;1
0;1692;0;7613040000000;Sopa Maggi Pollo Letras 57g;1;1;0;1
0;1693;0;7613040000000;Sopa Maggi Pollofideos;1;1;0;1
0;1694;0;7613040000000;Sopa Maggui Caracolitos Grande;1;1;0;1
0;1695;0;41789001987;Sopa Maruchan CamChile;1;1;0;1
0;1696;0;41789001956;Sopa Maruchan Camaron;1;1;0;1
0;1697;0;41789001918;Sopa Maruchan Pollo;1;1;0;1
0;1698;0;41789001840;Sopa Maruchan Pollo Pican;1;1;0;1
0;1699;0;41789001833;Sopa Maruchan Queso;1;1;0;1
0;1700;0;41789001925;Sopa Maruchan Res;1;1;0;1
0;1701;0;70662140031;Sopa Nissin Pollo;1;1;0;1
0;1702;0;7441000000000;Sorbetico Chocolate;1;1;0;1
0;1703;0;7441000000000;Sorbetico Crema;1;1;0;1
0;1704;0;86581004194;Sorbeto Festival Paqt 12unds;1;1;0;1
0;1705;0;74001200;Sponch Fresa;1;1;0;1
0;1706;0;7441000000000;Squirt 3 Litros;1;1;0;1
0;1707;0;74000661;Submarino Fresa ;1;1;0;1
0;1708;0;74000654;Submarino Vainilla;1;1;0;1
0;1709;0;4005810000000;Sun Kids Protector Solar;1;1;0;1
0;1710;0;7453010000000;Suoer Matrix Magic;1;1;0;1
0;1711;0;7441100000000;T Lisa;1;1;0;1
0;1712;0;11418258389;TABCIN DIA LIQUI GEL;1;1;0;1
0;1713;0;11418222335;TABCIN NOCHE LIQUID GEL;1;1;0;1
0;1714;0;757528000000;TAKIS ORIGINAL;1;1;0;1
0;1715;0;7452020000000;TALCO AMMEN 85G;1;1;0;1
0;1716;0;7891010000000;TALCO JOHSON 200GRA;1;1;0;1
0;1717;0;7441010000000;TALCO KIRKS 125G;1;1;0;1
0;1718;0;768863000000;TALCO PAÑALITO P/BEBE;1;1;0;1
0;1719;0;7441120000000;TALCO SUTTOM NEUTRODOR;1;1;0;1
0;1720;0;764009000000;TAMPICO CITRU 250 ML;1;1;0;1
0;1721;0;764009000000;TAMPICO CITRUS 25LT;1;1;0;1
0;1722;0;764009000000;TAMPICO CITRUS 500ML;1;1;0;1
0;1723;0;360001000000;TAMPONES KOTEX 10 UNDS;1;1;0;1
0;1724;0;7501020000000;TAMPONES SABA REGULAR;1;1;0;1
0;1725;0;7622210000000;TAN TE FRIO LIMON;1;1;0;1
0;1726;0;7622210000000;TANG DE MANZANA;1;1;0;1
0;1727;0;7622210000000;TANG FRESA;1;1;0;1
0;1728;0;7622210000000;TANG GUAYABA-PIÑA;1;1;0;1
0;1729;0;7622210000000;TANG LIMON;1;1;0;1
0;1730;0;7622210000000;TANG MARACUYA;1;1;0;1
0;1731;0;7622210000000;TANG NARANJA;1;1;0;1
0;1732;0;7622210000000;TANG NARANJA FRESA ;1;1;0;1
0;1733;0;7622210000000;TANG PIÑA;1;1;0;1
0;1734;0;7622210000000;TANG PONCHE DE FRUTAS;1;1;0;1
0;1735;0;7622210000000;TANG TE FRIO DURAZNO;1;1;0;1
0;1736;0;7622210000000;TANG UVA;1;1;0;1
0;1737;0;7443030000000;TAPA DULCE TIPICA (600G);1;1;0;1
0;1738;0;7441000000000;TAPE TEMFLEX 3M;1;1;0;1
0;1739;0;750895000000;TAQUERITO QUESO SALVAJE;1;1;0;1
0;1740;0;750895000000;TAQUERITOS 36G;1;1;0;1
0;1741;0;750895000000;TAQUERITOS BALCK PEPPER 36G;1;1;0;1
0;1742;0;750895000000;TAQUERITOS YUMMIS;1;1;0;1
0;1743;0;7441000000000;TAQUITOS TOSTY 25G;1;1;0;1
0;1744;0;756969000000;TE DE COLITE;1;1;0;1
0;1745;0;756969000000;TE DE HOJAS DE ZEN;1;1;0;1
0;1746;0;607766000000;TE FRIO EN POLVO GRANDE 3KILOS;1;1;0;1
0;1747;0;756969000000;TE MANZANILLA;1;1;0;1
0;1748;0;756969000000;TE MENTA;1;1;0;1
0;1749;0;756969000000;TE NEGRO;1;1;0;1
0;1750;0;7441000000000;TE NEGRO DOS PINOS 500ML;1;1;0;1
0;1751;0;7441000000000;TE ROJO 500 ML DOS PINOS;1;1;0;1
0;1752;0;756969000000;TE TILO MANZA T;1;1;0;1
0;1753;0;756969000000;TE VERDE;1;1;0;1
0;1754;0;7441000000000;TE VERDE CON SABOR A MANGO FUZETEA CERO AZUCAR 2.5 L;1;1;0;1
0;1755;0;7441010000000;TENEDOR FESTIVAL;1;1;0;1
0;1756;0;7441010000000;TENEDOR PLASTI LINK 15 UNI;1;1;0;1
0;1757;0;7501050000000;TEQUILA CENTENARIO PLATA;1;1;0;1
0;1758;0;811538000000;TEQUILA JOSE CUERVO BLANCO LITRO;1;1;0;1
0;1759;0;811538000000;TEQUILA JOSE CUERVO OSCURO LITRO;1;1;0;1
0;1760;0;7441000000000;TESORO DEL MAR 140G;1;1;0;1
0;1761;0;7441000000000;TESORO DEL MAR 230G;1;1;0;1
0;1762;0;80863496;TIC TAC DUO MINT FRASCO;1;1;0;1
0;1763;0;7450080000000;TIJERAS GRANDES ;1;1;0;1
0;1764;0;6908550000000;TIJERAS PEQUEÑAS ;1;1;0;1
0;1765;0;7441040000000;TINTE PARA ROPA GALLO AZUL MARINO;1;1;0;1
0;1766;0;7441040000000;TINTE PARA ROPA GALLO AZUL TURKO;1;1;0;1
0;1767;0;7441040000000;TINTE PARA ROPA GALLO CAFE;1;1;0;1
0;1768;0;7441040000000;TINTE PARA ROPA GALLO GRIS;1;1;0;1
0;1769;0;7441040000000;TINTE PARA ROPA GALLO NEGRO;1;1;0;1
0;1770;0;7441010000000;TOALLA COCINA SCOTT CALORIE ABSORB 90H;1;1;0;1
0;1771;0;7441010000000;TOALLA COCINA SCOTT MULTI ABSORB ;1;1;0;1
0;1772;0;842135000000;TOALLA DE COCINA CARMESI;1;1;0;1
0;1773;0;7441010000000;TOALLA DE COCINA DELSEY 3PACK;1;1;0;1
0;1774;0;7441060000000;TOALLA SABA CLASICA REGULAR  PROTECTOR CONFORT;1;1;0;1
0;1775;0;7441060000000;TOALLA SABA NOCHES PROTECTORES LARGOS;1;1;0;1
0;1776;0;7501020000000;TOALLAS SABA DELGADA PROTECTORES DIARIOS;1;1;0;1
0;1777;0;4005900000000;TOALLITAS DESMAQUILLANTE NIVEA;1;1;0;1
0;1778;0;7441000000000;TOCINETA AHUMADA CINTA AZUL200G;1;1;0;1
0;1779;0;748757000000;TOCINITO DIANA 10G;1;1;0;1
0;1780;0;7501040000000;TOCINO AHUMADO CHIMEX;1;1;0;1
0;1781;0;9100300000000;TOMMA CORRIENTE PLACA DOBLE GESTE;1;1;0;1
0;1782;0;7441000000000;TORILLAS TORTIRICAS 10 UNDS;1;1;0;1
0;1783;0;750895000000;TORNITO QUESO;1;1;0;1
0;1784;0;7441010000000;TORTILLA INSTAMASA 20U;1;1;0;1
0;1785;0;7441000000000;TORTILLAS DEL FOGON 20 UNDS;1;1;0;1
0;1786;0;7441010000000;TORTILLAS INSTAMASA 10U;1;1;0;1
0;1787;0;7443000000000;TORTILLAS LAS PERSEGUIDAS 25 UNDS;1;1;0;1
0;1788;0;7443000000000;TORTILLAS LAS PERSEGUIDAS INSTAMASA;1;1;0;1
0;1789;0;7441030000000;TORTILLAS RAPIDITAS CLASICAS BIMBO;1;1;0;1
0;1790;0;7441000000000;TORTILLITAS RUMBA REFILL 30G;1;1;0;1
0;1791;0;7441000000000;TORTIRICAS 30 TORTILLAS;1;1;0;1
0;1792;0;7441030000000;TOSTADAS PLANAS MILPA REAL 175G;1;1;0;1
0;1793;0;7441000000000;TOSTY BOLITAS DE QUESO120G;1;1;0;1
0;1794;0;7441000000000;TOSTY MIX 300G;1;1;0;1
0;1795;0;7441000000000;TOSTY PIKITOS DE CHILE JALAPEÑO 175 G;1;1;0;1
0;1796;0;7506200000000;TRATAMIENTO PANTENE RECONSTRUCCION;1;1;0;1
0;1797;0;7443000000000;TRICOPILIA GUAYABA;1;1;0;1
0;1798;0;7443000000000;TRICOPILIA PIÑA;1;1;0;1
0;1799;0;7622200000000;TRIDENT FRESA;1;1;0;1
0;1800;0;7622200000000;TRIDENT FRESH HERBAL;1;1;0;1
0;1801;0;7622200000000;TRIDENT MENTA;1;1;0;1
0;1802;0;75045623;TRIDENT MENTA ;1;1;0;1
0;1803;0;7622200000000;TRIDENT MORA;1;1;0;1
0;1804;0;7506110000000;TRIDENT SANDIA;1;1;0;1
0;1805;0;7506110000000;TRIDENT SANDIA;1;1;0;1
0;1806;0;7506110000000;TRIDENT YERBA BUENA ;1;1;0;1
0;1807;0;7622200000000;TRIDENT YERBABUENA;1;1;0;1
0;1808;0;7441000000000;TRONADITA BOLSITA 42G;1;1;0;1
0;1809;0;7441000000000;TRONADITA TOSTY MED;1;1;0;1
0;1810;0;7441000000000;TRONADITAS 175 G;1;1;0;1
0;1811;0;7441000000000;TRONADITAS 210G;1;1;0;1
0;1812;0;7441010000000;TRONEX BRISA FRSCA;1;1;0;1
0;1813;0;7441010000000;TRONEX LAVANDA MAXICA ;1;1;0;1
0;1814;0;7441010000000;TRONEX SENSACION FLORAL;1;1;0;1
0;1815;0;764009000000;TROPICAL FRUTAS 1 LITRO;1;1;0;1
0;1816;0;764009000000;TROPICAL FRUTAS 250ML;1;1;0;1
0;1817;0;764009000000;TROPICAL FRUTAS 2LITROS;1;1;0;1
0;1818;0;764009000000;TROPICAL LIMON 1 LITRO;1;1;0;1
0;1819;0;764009000000;TROPICAL LIMON 250 ML;1;1;0;1
0;1820;0;764009000000;TROPICAL LIMON 350 ML;1;1;0;1
0;1821;0;764009000000;TROPICAL LIMON 500ML;1;1;0;1
0;1822;0;764009000000;TROPICAL MELOCOTON 250 ML;1;1;0;1
0;1823;0;764009000000;TROPICAL MELOCOTON 350ML;1;1;0;1
0;1824;0;764009000000;TROPICAL MELOCOTON 500ML;1;1;0;1
0;1825;0;764009000000;TROPICAL PIÑA 350 ML;1;1;0;1
0;1826;0;764009000000;TROPICAL TE BFRUTAS CERO 1.75;1;1;0;1
0;1827;0;764009000000;TROPICAL TE BLANCO 1 LITRO ;1;1;0;1
0;1828;0;764009000000;TROPICAL TE BLANCO 1.75;1;1;0;1
0;1829;0;764009000000;TROPICAL TE BLANCO 2.5 ;1;1;0;1
0;1830;0;764009000000;TROPICAL TE BLANCO 250 ML;1;1;0;1
0;1831;0;764009000000;TROPICAL TE BLANCO 3 LITROS;1;1;0;1
0;1832;0;764009000000;TROPICAL TE BLANCO 350ML;1;1;0;1
0;1833;0;764009000000;TROPICAL TE BLANCO 500ML;1;1;0;1
0;1834;0;764009000000;TROPICAL TE BLANCO CERO 500ML;1;1;0;1
0;1835;0;764009000000;TROPICAL TE CERO FRUTAS 3 LITROS;1;1;0;1
0;1836;0;764009000000;TROPICAL TE FRUTAS CERO 2.5LT;1;1;0;1
0;1837;0;764009000000;TROPICAL TE FRUTAS CERO 350 ML;1;1;0;1
0;1838;0;764009000000;TROPICAL TE FRUTAS CERO 500ML;1;1;0;1
0;1839;0;764009000000;TROPICAL TE LIMON 2.5;1;1;0;1
0;1840;0;764009000000;TROPICAL TE LIMON 3LITROS;1;1;0;1
0;1841;0;764009000000;TROPICAL TE MELOCOTON 1 LITRO;1;1;0;1
0;1842;0;764009000000;TROPICAL TE MELOCOTON 1.75;1;1;0;1
0;1843;0;764009000000;TROPICAL TE MELOCOTON 2.5;1;1;0;1
0;1844;0;764009000000;TROPICAL TE MELOCOTON 3 LITROS;1;1;0;1
0;1845;0;764009000000;TROPICAL TE VERDE 2.5;1;1;0;1
0;1846;0;764009000000;TROPICAL TE VERDE 3LITROS;1;1;0;1
0;1847;0;7702990000000;TRULULU PINGUINITOS;1;1;0;1
0;1848;0;7702990000000;TRULULU UNICORNIO;1;1;0;1
0;1849;0;748688000000;TYLENOL PASTILLA;1;1;0;1
0;1850;0;11418217102;Tabcin Efervecente Antigrip;1;1;0;1
0;1851;0;650240000000;Tabletas QG5 10UNDS;1;1;0;1
0;1852;0;747627000000;Tabsco Lizano 62g;1;1;0;1
0;1853;0;7506200000000;Taipe ;1;1;0;1
0;1854;0;633148000000;Tajin;1;1;0;1
0;1855;0;757528000000;Takis Explosion;1;1;0;1
0;1856;0;757528000000;Takis Fuego 56g;1;1;0;1
0;1857;0;57528013455;Takis Original  Barcel 56g;1;1;0;1
0;1858;0;7799050000000;Taladro Bat NEO TP/1013/20;1;1;0;1
0;1859;0;7443000000000;Talonario;1;1;0;1
0;1860;0;7506330000000;Tapon Liso 1.2;1;1;0;1
0;1861;0;7506330000000;Tapon Rosca;1;1;0;1
0;1862;0;764009000000;Te Blanco 0 2500ml;1;1;0;1
0;1863;0;7441000000000;Te Blanco D/Pinos Mas Te 3l;1;1;0;1
0;1864;0;7441000000000;Te Frio Limon D/Pinos 3l;1;1;0;1
0;1865;0;7441000000000;Te Melocoton D/Pinos 3l;1;1;0;1
0;1866;0;847610000000;Tinte Nevada Cabello Castaño Claro 5;1;1;0;1
0;1867;0;847610000000;Tinte Nevada Cabello Castaño Mediano Violeta 4.2;1;1;0;1
0;1868;0;847610000000;Tinte Nevada Cabello Rubio Oscuro 6;1;1;0;1
0;1869;0;847610000000;Tinte Nevada Negro Cabello Y Barba Hombre;1;1;0;1
0;1870;0;7441010000000;Toalla Para Cocina Scott;1;1;0;1
0;1871;0;847610000000;Toallas Humeadas Marvel Avengers 20 Pzas;1;1;0;1
0;1872;0;847610000000;Toallas Humedas Disney Mickey Mouse 20pzas;1;1;0;1
0;1873;0;607767000000;Toallas Humedas Members Selection 100 Toallas;1;1;0;1
0;1874;0;48155908222;Toallas Humedas Para Bebé Baby Love 80 Pzas;1;1;0;1
0;1875;0;7501020000000;Toallas Saba Buenas Nc8 ALAS;1;1;0;1
0;1876;0;4005810000000;Toallitas Desmaquillnate 25 Pieza;1;1;0;1
0;1877;0;8680130000000;Toallitas Para Bebé Giggles;1;1;0;1
0;1878;0;7441010000000;Tocineta Zurqui 200g;1;1;0;1
0;1879;0;77441000000000;Tortilla Rapiditas Clasicas 10 Und;1;1;0;1
0;1880;0;748757000000;Tortillitas Jalapeños;1;1;0;1
0;1881;0;796500000000;Toños Frijoles Negros ;1;1;0;1
0;1882;0;796500000000;Toños Frijoles Rojos Enteros;1;1;0;1
0;1883;0;7441000000000;Trijuela Miel;1;1;0;1
0;1884;0;7441000000000;Trijuelas Miel Gde 170g;1;1;0;1
0;1885;0;86581005337;Tubo Cremitas;1;1;0;1
0;1886;0;7441000000000;TÉ AZUL 500 ML DOS PINOS;1;1;0;1
0;1887;0;7441000000000;TÉ BLANCO 500 ML DOS PINOS;1;1;0;1
0;1888;0;7441000000000;TÉ BLANCO CERO 500 ML DOS PINOS;1;1;0;1
0;1889;0;7441000000000;TÉ FRÍO LIMÓN 500 ML DOS PINOS;1;1;0;1
0;1890;0;7441000000000;TÉ FRÍO MELOCOTÓN DOS PINOS 500 ML;1;1;0;1
0;1891;0;756969000000;TÉ MANZANILLA CON MIEL MANZATÉ;1;1;0;1
0;1892;0;7441000000000;TÉ MELOCOTON CERO DOS PINOS 500 ML;1;1;0;1
0;1893;0;7441000000000;TÉ VERDE 500 ML DOS PINOS;1;1;0;1
0;1894;0;7406170000000;ULTRA KLIN 1.1KG MORADO;1;1;0;1
0;1895;0;7406170000000;ULTRA KLIN AZUL 1.1KG;1;1;0;1
0;1896;0;7501030000000;ULTRA KLIN PROMOCION;1;1;0;1
0;1897;0;7406170000000;ULTRA KLIN ROJO 1.1KG;1;1;0;1
0;1898;0;7411000000000;UNOX REMOJADOR;1;1;0;1
0;1899;0;7506330000000;Union Lisa ;1;1;0;1
0;1900;0;7441000000000;VAINILLA CHOCOLATE 60G;1;1;0;1
0;1901;0;7441130000000;VAINILLA CHOCOLATE CARAMELO 1/4 ;1;1;0;1
0;1902;0;7441000000000;VAINILLA VAINOL ANCLA 120 ML;1;1;0;1
0;1903;0;7441000000000;VAINOL 60ML;1;1;0;1
0;1904;0;7441000000000;VAINOL ANCLAJE POLVO HORNEAR;1;1;0;1
0;1905;0;7702630000000;VANISH 30 G;1;1;0;1
0;1906;0;7702630000000;VANISH 30 G BLANCO;1;1;0;1
0;1907;0;7441010000000;VASO DESCH N 12;1;1;0;1
0;1908;0;7441010000000;VASO DESCH NU9;1;1;0;1
0;1909;0;7441010000000;VASO EDSECHABLE Nº 7;1;1;0;1
0;1910;0;7441010000000;VASOS DESECHABLES FESTIVAL 12;1;1;0;1
0;1911;0;796500000000;VEGETAES MIXTOS;1;1;0;1
0;1912;0;7443000000000;VENDA DE GAZA ZUEQUI;1;1;0;1
0;1913;0;7441000000000;VEVENO PARA RATAS KLERAT;1;1;0;1
0;1914;0;7501000000000;VICK BABY BALM;1;1;0;1
0;1915;0;7441010000000;VINAGRE ALFARO CLARO;1;1;0;1
0;1916;0;7441060000000;VINAGRE BLANCO GALON 3750ML;1;1;0;1
0;1917;0;7750020000000;VISINE ORIGINAL 15ML;1;1;0;1
0;1918;0;737297000000;VITA MALT GINSENG;1;1;0;1
0;1919;0;8361860110;VITAMALTA BOT VID GUARANA + ALOE;1;1;0;1
0;1920;0;80480280017;VODKA GREY GOOSE LITRO;1;1;0;1
0;1921;0;7441000000000;Vainilla Pinta;1;1;0;1
0;1922;0;7441010000000;Vaso Festival 7;1;1;0;1
0;1923;0;7443000000000;Veneno Rata;1;1;0;1
0;1924;0;5038480000000;Vibration Intense;1;1;0;1
0;1925;0;7590000000000;Vick VapoRub Frasco 50g;1;1;0;1
0;1926;0;7441030000000;Vinagre Blanco Viena;1;1;0;1
0;1927;0;7441030000000;Vinagre Oscuro Viena;1;1;0;1
0;1928;0;7441030000000;Vitamaiz Caja Grnde;1;1;0;1
0;1929;0;7441030000000;Vitamaiz Pequeño;1;1;0;1
0;1930;0;7441130000000;WANCHIZ SENSACION HELADO;1;1;0;1
0;1931;0;79567520054;WD-40 191ML;1;1;0;1
0;1932;0;41800354504;WELCHS 473ML;1;1;0;1
0;1933;0;41800380008;WELCHS LATA 340ML;1;1;0;1
0;1934;0;706460000000;WHISKAS FILLETS ATUN;1;1;0;1
0;1935;0;706460000000;WHISKAS FILLETS RES;1;1;0;1
0;1936;0;7506170000000;WHISKAS KATITO 2-12 M;1;1;0;1
0;1937;0;706460000000;Whiskas Sobre 85g PoLLO;1;1;0;1
0;1938;0;7411000000000;XEDEX Violeta 1kg;1;1;0;1
0;1939;0;7411000000000;Xedex Primavera 1kg;1;1;0;1
0;1940;0;7443020000000;Xpro Vitamina Y Algodon;1;1;0;1
0;1941;0;7443020000000;Xpro Yogurt Fresa;1;1;0;1
0;1942;0;7441010000000;YOGUR FRESA YOPLAIT 235G;1;1;0;1
0;1943;0;7441010000000;YOGUR INFA FRESA C/CHISPAS CHOCO;1;1;0;1
0;1944;0;7441010000000;YOGURT INF FRESA C/CONFITIN;1;1;0;1
0;1945;0;7441010000000;YOGURT MELOCOTON YOPLAIT 230G;1;1;0;1
0;1946;0;7441000000000;YUCA TIPO PATACON TOSTY 180G;1;1;0;1
0;1947;0;7443000000000;YUCAS TOSTADAS BARBACOAS;1;1;0;1
0;1948;0;7441110000000;YUKITA BARBACOA  KITTY;1;1;0;1
0;1949;0;7441110000000;YUKITA CON CHILE KITTY;1;1;0;1
0;1950;0;750895000000;YUMMI NUTS OMEGA MIX;1;1;0;1
0;1951;0;750895000000;YUMMI POPS QUESO;1;1;0;1
0;1952;0;750895000000;YUMMIE POPS NACHO QUESO BLANCO;1;1;0;1
0;1953;0;7441130000000;YUPI FRESA;1;1;0;1
0;1954;0;7441130000000;YUPIS LIMÓN;1;1;0;1
0;1955;0;7441130000000;YUPIS UVA;1;1;0;1
0;1956;0;7441000000000;YUQUITAS LILLIANA ;1;1;0;1
0;1957;0;7443000000000;YUQUITAS QUESO;1;1;0;1
0;1958;0;7441000000000;Yogurt In Line Fresa Granola;1;1;0;1
0;1959;0;5061240000000;Yuca Barbacoa;1;1;0;1
0;1960;0;750895000000;Yummi Pops Jalapeños 33g;1;1;0;1
0;1961;0;7443020000000;Yuquitas Barbacoa Golden;1;1;0;1
0;1962;0;7443020000000;Yuquitq Gold;1;1;0;1
0;1963;0;74103133;ZAZONADOR KNOR MI ARROZ;1;1;0;1
0;1964;0;735549000000;ZEPOL 60 G;1;1;0;1
0;1965;0;735549000000;ZEPOL INHALADOR;1;1;0;1
0;1966;0;750895000000;ZIBAS CLASICAS;1;1;0;1
0;1967;0;750895000000;ZIBAS CREMA Y ESPECIAS23G;1;1;0;1
0;1968;0;750895000000;ZIBAS MIEL MOZTAZA80G;1;1;0;1
0;1969;0;750895000000;ZIBAS MOSTAZA MIEL;1;1;0;1
0;1970;0;750895000000;ZIBAS MOSTZA MIEL 40G;1;1;0;1
0;1971;0;7500920000000;ZIBAS QUESO;1;1;0;1
0;1972;0;750895000000;ZIBAS QUESO23G;1;1;0;1
0;1973;0;7501010000000;ZUCARITAS BOLSA 130G;1;1;0;1
0;1974;0;7441010000000;ZURQUI SALCHICHON CRIOLLO;1;1;0;1
0;1975;0;735549000000;Zepol 30g;1;1;0;1
0;1976;0;735549000000;Zepol Deportista 60g;1;1;0;1
0;1977;0;735549000000;Zepol Deportista Crema;1;1;0;1
0;1978;0;735549000000;Zepol Infantil 60g;1;1;0;1
0;1979;0;735549000000;Zepol Resfrios 90g;1;1;0;1
